token_mint,swap_events,transactions_est,signers_est,estimate_exceeds_events,volume_usd,priced_swap_events,avg_priced_event_usd,in_volume_top50,method
1ogCsoK7ZqZwiYam9i7xq2j6Bf2LizT6iQtGSp6vCoT,169282.0,179393.0,191.0,True,,,,False,all_events
27G8MtK7VtTcCHkpASjSDdkWWYfoqT6ggEuKidVJidD4,4436451.0,4393105.0,51921.0,False,1788312489.8368683,4436451.0,403.0952871646432,True,all_events
2b1kV6DkPAnxd5ixfnxCpjxmKwqjjaYmCZfHsFu24GXo,813405.0,815582.0,21924.0,True,293419706.04523325,813405.0,360.73014801388393,True,all_events
2k8yZaJjf61unHriuqdmvbxe7CUhEYML5kVJDbcotKjU,304119.0,298797.0,5022.0,False,,,,False,all_events
2u1tszSeqZ3qBWF3uNGPFc8TzMk2tdiwknnRMWGWjGWH,2407050.0,2374568.0,38378.0,False,793200412.6114455,2407050.0,329.5321711686278,True,all_events
2zMMhcVQEXDtdE6vsFS7S7D5oUodfJHE8vd1gnBouauv,891322.0,899553.0,15707.0,True,68296821.39817588,891322.0,76.62418452385992,True,all_events
3BHhMXMyyGGzLcTk6u5iJwTcV7eEGG9bWJrTKUttpump,272882.0,258251.0,88091.0,False,,,,False,all_events
3NZ9JMVBmGAqocybic2c7LQCJScmgsAZ6vQqTDzcqmJh,2420113.0,2355963.0,21026.0,False,438335858.5698717,2420113.0,181.1220627176796,True,all_events
4D9jZY6nkXnm3ofmWWJVcJrvtXDMfE5Zwy8rZMy5pump,300785.0,305863.0,134109.0,True,,,,False,all_events
4FdojUmXeaFMBG6yUaoufAC5Bz7u9AwnSAMizkx5pump,212785.0,218621.0,8845.0,True,,,,False,all_events
4TyZGqRLG3VcHTGMcLBoPUmqYitMVojXinAmkL8xpump,303182.0,303632.0,3265.0,True,,,,False,all_events
4YiLHDR4B4pE4R5GUMA8HG8YunyeLwcobtEtvwMupump,154566.0,154683.0,151771.0,True,,,,False,all_events
4k3Dyjzvzp8eMZWUXbBCjEvwSkkk59S5iCNLY3QrkX6R,588703.0,592794.0,16948.0,True,14661363.884608308,588703.0,24.90451702234965,True,all_events
5UUH9RTDiSpq6HKS6bp4NdU9PNJpXRXuiw6ShBTBhgH2,169554.0,163196.0,5805.0,False,29242332.08518102,169554.0,172.46618826557332,True,all_events
5Y8NV33Vv7WbnLfq3zBcKSdYPrk7g2KoiQoe7M2tcxp5,152733.0,145601.0,2248.0,False,26940960.33406612,152733.0,176.39253032459337,True,all_events
5YMkXAYccHSGnHn9nob9xEvv6Pvka9DZWH7nTbotTu9E,320932.0,308423.0,3729.0,False,,,,False,all_events
5oVNBeEEQvYi1cX3ir8Dx5n1P7pdxydbGF2X4TxVusJm,196151.0,197715.0,5387.0,True,128629306.50918628,196151.0,655.7667639175241,True,all_events
61V8vBaqAGMpgDQi4JcAwo1dmBGHsyhzodcPqnEVpump,273832.0,275534.0,16694.0,True,25635701.94355613,273832.0,93.61835703481016,True,all_events
6FrrzDk5mQARGc1TDYoyVnSyRdds1t4PbtohCD6p3tgG,,,,,81722117.7105815,87573.0,933.1885137037842,True,all_events
6MFiqqkS4MUwmkoa8sj5UJcFzJGVxHD1yEpoyRRUdoge,237297.0,241158.0,95319.0,True,,,,False,all_events
6p6xgHyF7AeE6TZkSmFsko444wqoP15icUSqi2jfGiPN,1866761.0,1862602.0,62972.0,False,243322126.3288952,1866761.0,130.3445520497242,True,all_events
7GCihgDB8fe6KNjn2MYtkzZcRjQy3t9GHdC8uHYmW2hr,305309.0,306135.0,9555.0,True,,,,False,all_events
7GxATsNMnaC88vdwd2t3mwrFuQwwGvmYPrUQ4D6FotXk,,,,,100160774.17819528,6013.0,16657.371391683897,True,all_events
7JA5eZdCzztSfQbJvS8aVVxMFfd81Rs9VvwnocV1mKHu,152028.0,150769.0,849.0,False,,,,False,all_events
7dHbWXmci3dT8UFYWYZweBLXgycu7Y3iL6trKn1Y7ARj,276855.0,269008.0,8694.0,False,,,,False,all_events
7fj85y28pKMndm4So66Szkb5GMGfLHFEkwsZdDx2pump,377140.0,365497.0,178171.0,False,,,,False,all_events
7vfCXTUXx5WJV5JADk17DUJ4ksgau7utNKj4b963voxs,3647155.0,3636514.0,64962.0,False,1102389754.43858,3647155.0,302.2601875814381,True,all_events
8Hg96R1AGDe5vKABwniVPT2LHdhZHmCTFijZAXXZpump,154804.0,155295.0,287.0,True,,,,False,all_events
8Jx8AAHj86wbQgUTjGuj6GTTL5Ps3cqxKRTvpaJApump,408289.0,403175.0,8009.0,False,,,,False,all_events
8f62NyJGo7He5uWeveTA2JJQf4xzf8aqxkmzxRQ3mxfU,169899.0,163747.0,1578.0,False,,,,False,all_events
8jiVXftnn2ZG6bugK7HAH5j2G3D6TpsG521gqsWwpump,1479416.0,1496647.0,552136.0,True,,,,False,all_events
8opvqaWysX1oYbXuTL8PHaoaTiXD69VFYAX4smPebonk,188647.0,188901.0,6834.0,True,,,,False,all_events
98sMhvDwXj1RQi5c5Mndm3vPe9cBqPrbLaufMXFNMh5g,2356878.0,2387990.0,26880.0,True,,,,False,all_events
9BB6NFEcjBCtnNLFko2FqVQBq8HHM13kCyYcdQbgpump,3442799.0,3398348.0,24782.0,False,313023148.95484585,3442799.0,90.9211223062531,True,all_events
A7bdiYdS5GjqGFtxf17ppRHtDKPkkRqbKtR27dxvQXaS,1832892.0,1791885.0,26701.0,False,307571544.65593696,1832892.0,167.8066927325434,True,all_events
AvZZF1YaZDziPY2RCK4oJrRVrbN3mTD9NL24hPeaZeUj,190596.0,190696.0,5341.0,True,,,,False,all_events
AymATz4TCL9sWNEEV9Kvyz45CHVhDZ6kUgjTJPzLpU9P,235937.0,235929.0,2581.0,False,70145109.49931091,235937.0,297.3044054103888,True,all_events
BBG3vpXVCm2uPBD7LUr7yfP9XUXVNJRHMtiMG7q4pump,608359.0,598595.0,234131.0,False,,,,False,all_events
C8fU5GdfAt5mnw2RK7HE6XJGFNxHpaskZMkXxdm88888,138961.0,142480.0,106.0,True,,,,False,all_events
CASHx9KJUStyftLFWGvEVf59SGeG9sh5FfcnZMVPCASH,140459.0,142573.0,5372.0,True,60057395.4151349,33037.0,1817.8828409097343,True,all_events
CAjtTHvC878f8cZ4zEwdvgjkjFM7rbYN8Mb1go1cpump,310892.0,308134.0,277795.0,False,,,,False,all_events
Ce2gx9KGXJ6C9Mp5b5x1sn9Mg87JwEbrQby4Zqo3pump,163837.0,165318.0,4177.0,True,,,,False,all_events
ChNrhBZwGtn1ZRsrdzcuBqiKTYfVViCPZqJdsgBHpump,178525.0,183627.0,69868.0,True,,,,False,all_events
Cm6fNnMk7NfzStP9CZpsQA2v3jjzbcYGAxdJySmHpump,169816.0,171003.0,4826.0,True,,,,False,all_events
CrAr4RRJMBVwRsZtT62pEhfA9H5utymC2mVx8e7FreP2,625946.0,626548.0,7018.0,True,17447480.479179695,625946.0,27.873779014770754,True,all_events
CreiuhfwdWCN5mJbMJtA9bBpYQrQF2tCBuZwSPWfpump,365578.0,369859.0,2312.0,True,,,,False,all_events
CtzPWv73Sn1dMGVU3ZtLv9yWSyUAanBni19YWDaznnkn,821711.0,834400.0,1737.0,True,156874045.6418109,821711.0,190.91145870240376,True,all_events
DBRiDgJAMsM95moTzJs7M9LnkGErpbv9v6CUR1DXnUu5,159468.0,159515.0,3148.0,True,14945286.048252502,159468.0,93.71965565663646,True,all_events
DEkqHyPN7GMRJ5cArtQFAWefqbZb33Hyf6s5iCwjEonT,,,,,183642541.61723003,41092.0,4469.058250200283,True,all_events
DMYNp65mub3i7LRpBdB66CgBAceLcQnv4gsWeCi6pump,2201417.0,2204464.0,846826.0,True,,,,False,all_events
DezXAZ8z7PnrnRJjz3wXBoRgixCa6xjnB7YaB1pPB263,1244711.0,1235801.0,40550.0,False,62726407.51492362,1244711.0,50.39435460514418,True,all_events
Dfh5DzRgSvvCFDoYc2ciTkMrbDfRKybA4SoFbPmApump,621259.0,637335.0,9098.0,True,89395574.42039283,621259.0,143.8942122695894,True,all_events
Dz9mQ9NzkBcCsuGPFJ3r1bS4wgqKMHBPiVuniW8Mbonk,883387.0,864674.0,11100.0,False,73715888.56742327,883387.0,83.44687953006245,True,all_events
E714f3oiK3sA8WGBBpmgx7Vkptz7Xh7H9YNWjpkLpump,197107.0,190319.0,119482.0,False,,,,False,all_events
EKpQGSJtjMFqKZ9KQanSqYXRcF8fBopzLHYxdM65zcjm,280671.0,267957.0,14228.0,False,,,,False,all_events
EPjFWdd5AufqSSqeM2qN1xzybapC8G4wEGGkZwyTDt1v,127315003.0,120696657.0,2308391.0,False,82858169662.61705,127315003.0,650.8122979238908,True,all_events
EicWvteVi2fWepEzS3FYWsnuPoP6caZfjnKqNvydLjCH,205907.0,203437.0,1406.0,False,,,,False,all_events
Es9vMFrzaCERmJfrF4H2FYD4KCoNkY11McCe8BenwNYB,34149161.0,32636451.0,392605.0,False,19248562895.988503,34149161.0,563.6613706552997,True,all_events
Es9vdPD6sXzHhbAskU19WFnAtyRo94HKrGrPSdQ3aSSB,173258.0,182595.0,261.0,True,,,,False,all_events
FeR8VBqNRSUD5NtXAj2n3j1dAHkZHfyDktKuLXD4pump,,,,,14120422.116509566,99023.0,142.59739774102547,True,all_events
FmjijgwEHpe32VPvHy1s7u7TLthh9yu1j75djVbWpump,180499.0,181627.0,174480.0,True,,,,False,all_events
G7vQWurMkMMm2dU3iZpXYFTHT9Biio4F4gZCrwFpKNwG,301220.0,297053.0,2979.0,False,,,,False,all_events
HmBdm8vbisABUjkxms6ZUnoaXbfwFM6ymxShWfAENaoi,1086601.0,1134475.0,172982.0,True,,,,False,all_events
HzwqbKZw8HxMN6bF2yFZNrht3c2iXXzpKcFu7uBEDKtr,566719.0,582389.0,24381.0,True,17236876.1570343,566719.0,30.41520781380949,True,all_events
J1toso1uCk3RLmjorhTtrVwY9HJ7X8V9yYac6Y7kGCPn,3184763.0,3135769.0,36745.0,False,457513627.0484513,3184763.0,143.65704042920973,True,all_events
J3NKxxXZcnNiMjKw9hYb2K4LUxgwB6t1FtPtQVsv3KFr,267074.0,268238.0,6797.0,True,,,,False,all_events
J6pQQ3FAcJQeWPPGppWRb4nM8jU3wLyYbRrLh7feMfvd,168182.0,166618.0,1286.0,False,,,,False,all_events
JE8zmsKRivXggZsJxXHBdCkako85YawNtU5hqS4upump,166433.0,167526.0,14818.0,True,,,,False,all_events
JUPyiwrYJFskUPiHa7hkeR8VUtAeFoSYbKedZNsDvCN,2316976.0,2376909.0,96420.0,True,143823830.25685325,2316976.0,62.07394045378685,True,all_events
JuprjznTrTSp2UFa3ZBUFgwdAmtZCq4MQCwysN55USD,1216061.0,1254652.0,48360.0,True,455413299.8833037,1195081.0,381.07316565429767,True,all_events
KMNo3nJsBXfcpJTVhZcXLW7RmTwTt4GVFE7suUBo9sS,772604.0,737252.0,25163.0,False,25859490.87108748,772604.0,33.47056301946078,True,all_events
METAewgxyPbgwsseH8T16a39CQ5VyVxZi9zXiDPY18m,162515.0,163352.0,822.0,True,,,,False,all_events
METvsvVRapdj9cFLzq4Tr43xK4tAjQfwX76z3n6mWQL,731096.0,742545.0,7249.0,True,37869219.09066626,731096.0,51.79787482172828,True,all_events
NV2RYH954cTJ3ckFUpvfqaQXU4ARqqDH3562nFSpump,174808.0,170345.0,5993.0,False,,,,False,all_events
NgsodHAjoLZF5VC25euE1wBiZUgTVMHSErMRRKt74mA,647734.0,648296.0,117.0,True,,,,False,all_events
SKRbvo6Gf7GondiT3BbTfuRDPqLWei4j2Qy2NPGZhW3,1340654.0,1345816.0,6616.0,True,31667768.716192733,1035751.0,30.57469287134913,True,all_events
SPCXxcqXj6e5dJDVNovHN8744zkbhM2bYudU45BimGb,291945.0,284482.0,4022.0,False,,,,False,all_events
SarosY6Vscao718M4A778z4CGtvcwcGef5M9MEH1LGL,286704.0,280107.0,969.0,False,,,,False,all_events
So11111111111111111111111111111111111111112,160133434.0,153912777.0,6350869.0,False,76147021352.78624,160133434.0,475.52231567572727,True,all_events
USD1ttGY1N17NEEHLmELoaybftRBUSErhqYiQzvEmuB,15184601.0,15062058.0,218160.0,False,11607454479.85612,15184601.0,764.4227516979946,True,all_events
USDSwr9ApdHk5bvJKMjzff41FfuX8bSxdKcR81vTwcA,546123.0,543568.0,20748.0,False,84692620.97663513,546123.0,155.07975488422045,True,all_events
USoRyaQjch6E18nCdDvWoRgTo6osQs9MUd8JXEsspWR,187036.0,192064.0,9547.0,True,,,,False,all_events
WETZjtprkDMCcUxPi9PfWnowMRZkiGGHDb9rABuRZ2U,201167.0,201365.0,2024.0,True,,,,False,all_events
Xs8S1uUs1zvS2p7iwtsG3b6fkhpvmwz4GYU3gWAmWHZ,,,,,20973869.47950961,114251.0,183.57711949575597,True,all_events
XsDoVfqeBukxuZHWhdvWHBhgEHjGNst4MLodqsJHzoB,246970.0,244096.0,2388.0,False,22979291.780975018,246970.0,93.04487095993449,True,all_events
Xsc9qvGR1efVDFGLrVsmkzv3qi45LTBjeUKSPmx9qEh,187414.0,187730.0,1634.0,True,19813782.34749352,187414.0,105.72199700926036,True,all_events
XsoCS1TfEyfFhfvj8EtZ528L3CaKBDBRqRapnBbDF2W,164077.0,163812.0,1584.0,False,26874217.474505205,164077.0,163.79027818954032,True,all_events
XsueG8BtpquVJX9LVLLEGuViXUungE6WmK5YZ3p3bd1,186577.0,184547.0,1768.0,False,35775102.437043004,186577.0,191.7444402956581,True,all_events
ZBCNpuD7YMXzTHB2fhGkGi78MNsHGLRXUhRewNRm9RU,142463.0,138171.0,4126.0,False,16965343.92915729,142463.0,119.0859656834216,True,all_events
a3W4qutoEJA4232T2gwZUfgYJTetr96pU4SJMwppump,674596.0,675498.0,5870.0,True,,,,False,all_events
bSo13r4TkiE4KumL71LsHTPpL2euBYLFx6h9HP3piy1,245039.0,240298.0,4784.0,False,18006502.106683634,245039.0,73.48422947646552,True,all_events
cbbtcf3aa214zXHbiAZQwf4122FBYbraNdFqgw4iMij,6054832.0,5921906.0,51491.0,False,1740072444.5427244,6054832.0,287.3857515027212,True,all_events
gLEXZ2kAfuYkpeeSzrEMbakiNeqAAZ3TsKiY9Can8pE,180913.0,180291.0,31193.0,False,,,,False,all_events
hntyVP6YFm1Hg25TN9WGLqM12b8TQmcknKrdu1oxWux,208148.0,214975.0,24400.0,True,,,,False,all_events
jtojtomepa8beP8AuQc6eXt5FriJwfFMwQx2v2f9mCL,141508.0,146102.0,4474.0,True,15992076.300876062,141508.0,113.01181771261032,True,all_events
jupSoLaHXQiZZTSfEWMTRRgpnyFm8f6sZdosWBjx93v,345470.0,345606.0,7548.0,True,164449017.8665186,345470.0,476.01533524334553,True,all_events
kLqMvUm1p4pRbxU4r8kWCTVAuWMJLtcTJqGb4b5pump,246575.0,248420.0,5332.0,True,,,,False,all_events
kMKX8hBaj3BTRBbeYix9c16EieBP5dih8DTSSwCpump,215835.0,220429.0,1688.0,True,,,,False,all_events
mSoLzYCxHdYgdzU16g5QSh3i5K3z3KZK7ytfqcJm7So,1475892.0,1510721.0,28121.0,True,96016861.86113653,1475892.0,65.05683468786097,True,all_events
orcaEKTdK7LKz57vaAYr9QeNsVEPfiu6QeMU1kektZE,370794.0,361557.0,3896.0,False,,,,False,all_events
oreoU2P8bN6jkk3jbaiVxYnG1dCXcYxwhwyK9jSybcp,149090.0,145724.0,2830.0,False,,,,False,all_events
pixvL7orpc8AfVUmeQ3kJZ588EegnXSQd7UW4TcVzDk,297073.0,300484.0,128076.0,True,,,,False,all_events
pumpCmXqMfrsAkQ5r49WcJnRayYRqmXz6ae8H7H9Dfn,4942161.0,4834285.0,242114.0,False,663645321.4170191,4942161.0,134.28241642006788,True,all_events
x95HN3DWvbfCBtTjGm587z8suK3ec6cwQwgZNLbWKyp,164393.0,164093.0,6219.0,False,,,,False,all_events
zBTCug3er3tLyffELcvDNrKkCymbPWysGcWihESYfLg,225615.0,227817.0,685.0,True,,,,False,all_events
